{"accuracy": [0.8528107404708862], "loss": [0.4994029402732849], "val_accuracy": [0.8732343316078186], "val_loss": [0.2953243553638458]}